CustomerID,Recency,Frequency,Monetary,SatisfactionScore,CLV_Score,ChurnRisk,Cluster,ML_Segment,TopCategory,R_Score,F_Score,M_Score,RFM_Score,Segment
CUST-0001,7,14,1166.51,3.2857142857142856,2333.02,0.5,3,At Risk / Churning,Electronics,5,5,3,13,Champions
CUST-0002,3,10,908.48,3.8,1816.96,0.3,3,At Risk / Churning,Electronics,5,3,2,10,Loyal
CUST-0003,14,9,1050.0900000000001,2.6666666666666665,2100.18,1.6,3,At Risk / Churning,Beauty,4,2,3,9,Average
CUST-0004,26,10,1495.3200000000002,2.9,2990.64,2.7,3,At Risk / Churning,Books,3,3,4,10,Loyal
CUST-0005,26,15,1290.56,3.3333333333333335,2581.12,1.9,0,Steady Mid-Value,Fashion,3,5,4,12,Loyal
CUST-0006,248,4,385.94,1.75,771.88,57.0,2,New / Low Spend,Beauty,1,1,1,3,Hibernating
CUST-0007,32,11,784.7,3.3636363636363638,1569.4,3.1,3,At Risk / Churning,Beauty,3,3,2,8,Average
CUST-0008,29,14,908.64,2.4285714285714284,1817.28,2.2,3,At Risk / Churning,Electronics,3,5,2,10,Loyal
CUST-0009,3,9,1015.8299999999999,2.5555555555555554,2031.66,0.3,3,At Risk / Churning,Fashion,5,2,3,10,Loyal
CUST-0010,24,9,863.1899999999999,2.6666666666666665,1726.38,2.8,3,At Risk / Churning,Home & Kitchen,3,2,2,7,Average
CUST-0011,12,7,457.32000000000005,2.857142857142857,914.64,1.7,1,High-Value Champions,Electronics,4,1,1,6,Hibernating
CUST-0012,5,18,2018.21,3.4444444444444446,4036.42,0.3,0,Steady Mid-Value,Beauty,5,5,5,15,Champions
CUST-0013,57,10,1133.86,2.5,2267.72,6.0,3,At Risk / Churning,Books,1,3,3,7,Average
CUST-0014,46,14,1707.47,3.142857142857143,3414.94,3.5,0,Steady Mid-Value,Beauty,2,5,5,12,Loyal
CUST-0015,10,9,843.69,2.6666666666666665,1687.38,1.1,3,At Risk / Churning,Books,5,2,2,9,Average
CUST-0016,13,6,584.09,2.8333333333333335,1168.18,2.1,1,High-Value Champions,Electronics,4,1,1,6,Hibernating
CUST-0017,24,12,1818.9099999999999,3.5833333333333335,3637.82,2.1,0,Steady Mid-Value,Home & Kitchen,3,4,5,12,Loyal
CUST-0018,1,4,240.78000000000003,3.75,481.56,0.2,1,High-Value Champions,Books,5,1,1,7,Average
CUST-0019,86,10,1363.39,3.6,2726.78,9.0,3,At Risk / Churning,Home & Kitchen,1,3,4,8,Average
CUST-0020,90,13,949.5600000000001,3.0,1899.12,7.4,3,At Risk / Churning,Books,1,4,3,8,Average
CUST-0021,55,12,875.01,3.0833333333333335,1750.02,4.9,3,At Risk / Churning,Electronics,1,4,2,7,Average
CUST-0022,23,9,791.21,2.5555555555555554,1582.42,2.6,1,High-Value Champions,Electronics,3,2,2,7,Average
CUST-0023,4,8,771.06,3.25,1542.12,0.5,1,High-Value Champions,Electronics,5,2,2,9,Average
CUST-0024,145,4,374.46000000000004,3.5,748.92,33.3,2,New / Low Spend,Electronics,1,1,1,3,Hibernating
CUST-0025,28,14,2510.27,3.2142857142857144,5020.54,2.1,0,Steady Mid-Value,Books,3,5,5,13,Champions
CUST-0026,52,9,1066.42,2.7777777777777777,2132.84,6.0,3,At Risk / Churning,Home & Kitchen,2,2,3,7,Average
CUST-0027,12,7,827.38,2.2857142857142856,1654.76,1.7,1,High-Value Champions,Fashion,4,1,2,7,Average
CUST-0028,62,10,888.56,2.9,1777.12,6.5,3,At Risk / Churning,Beauty,1,3,2,6,Hibernating
CUST-0029,16,10,1257.94,2.8,2515.88,1.7,3,At Risk / Churning,Beauty,4,3,4,11,Loyal
CUST-0030,55,8,1452.41,4.125,2904.82,7.0,3,At Risk / Churning,Fashion,1,2,4,7,Average
CUST-0031,148,5,213.61,3.2,427.22,28.4,2,New / Low Spend,Electronics,1,1,1,3,Hibernating
CUST-0032,69,5,915.88,3.8,1831.76,13.2,1,High-Value Champions,Books,1,1,2,4,Hibernating
CUST-0033,42,4,459.53999999999996,3.25,919.08,9.7,1,High-Value Champions,Home & Kitchen,2,1,1,4,Hibernating
CUST-0034,44,8,454.83,3.75,909.66,5.6,1,High-Value Champions,Home & Kitchen,2,2,1,5,Hibernating
CUST-0035,39,15,1384.1,3.6666666666666665,2768.2,2.8,0,Steady Mid-Value,Books,2,5,4,11,Loyal
CUST-0036,50,10,2183.44,2.5,4366.88,5.2,0,Steady Mid-Value,Home & Kitchen,2,3,5,10,Loyal
CUST-0037,36,10,702.98,2.6,1405.96,3.8,3,At Risk / Churning,Beauty,2,3,2,7,Average
CUST-0038,1,11,1047.93,2.909090909090909,2095.86,0.1,3,At Risk / Churning,Books,5,3,3,11,Loyal
CUST-0039,1,19,3424.67,3.1052631578947367,6849.34,0.1,0,Steady Mid-Value,Electronics,5,5,5,15,Champions
CUST-0040,10,9,907.29,3.6666666666666665,1814.58,1.1,3,At Risk / Churning,Fashion,5,2,2,9,Average
CUST-0041,10,13,1475.75,3.076923076923077,2951.5,0.8,3,At Risk / Churning,Electronics,5,4,4,13,Champions
CUST-0042,3,15,1196.08,3.066666666666667,2392.16,0.2,3,At Risk / Churning,Home & Kitchen,5,5,3,13,Champions
CUST-0043,136,7,1530.25,2.7142857142857144,3060.5,19.5,2,New / Low Spend,Electronics,1,1,4,6,Hibernating
CUST-0044,32,9,999.03,3.3333333333333335,1998.06,3.7,3,At Risk / Churning,Fashion,3,2,3,8,Average
CUST-0045,7,6,502.61,2.8333333333333335,1005.22,1.1,1,High-Value Champions,Fashion,5,1,1,7,Average
CUST-0046,2,10,681.62,3.7,1363.24,0.2,3,At Risk / Churning,Electronics,5,3,1,9,Average
CUST-0047,42,16,1512.61,3.4375,3025.22,2.8,0,Steady Mid-Value,Books,2,5,4,11,Loyal
CUST-0048,43,6,425.02,4.0,850.04,7.1,1,High-Value Champions,Electronics,2,1,1,4,Hibernating
CUST-0049,4,13,1504.32,3.076923076923077,3008.64,0.3,0,Steady Mid-Value,Beauty,5,4,4,13,Champions
CUST-0050,5,8,829.51,2.625,1659.02,0.6,1,High-Value Champions,Electronics,5,2,2,9,Average
CUST-0051,6,14,1786.57,3.142857142857143,3573.14,0.5,0,Steady Mid-Value,Books,5,5,5,15,Champions
CUST-0052,15,6,722.39,3.3333333333333335,1444.78,2.5,1,High-Value Champions,Books,4,1,2,7,Average
CUST-0053,47,9,700.71,2.6666666666666665,1401.42,5.4,1,High-Value Champions,Fashion,2,2,2,6,Hibernating
CUST-0054,114,11,642.6,3.1818181818181817,1285.2,10.9,2,New / Low Spend,Books,1,3,1,5,Hibernating
CUST-0055,3,9,930.3199999999999,2.888888888888889,1860.64,0.3,3,At Risk / Churning,Fashion,5,2,2,9,Average
CUST-0056,23,5,504.36,3.4,1008.72,4.4,1,High-Value Champions,Home & Kitchen,3,1,1,5,Hibernating
CUST-0057,8,6,1023.17,3.6666666666666665,2046.34,1.3,1,High-Value Champions,Beauty,5,1,3,9,Average
CUST-0058,27,10,1224.07,2.4,2448.14,2.8,3,At Risk / Churning,Electronics,3,3,3,9,Average
CUST-0059,30,12,1095.62,3.3333333333333335,2191.24,2.7,3,At Risk / Churning,Beauty,3,4,3,10,Loyal
CUST-0060,20,10,2220.65,2.9,4441.3,2.1,0,Steady Mid-Value,Books,4,3,5,12,Loyal
CUST-0061,45,10,1347.3899999999999,2.1,2694.78,4.7,3,At Risk / Churning,Fashion,2,3,4,9,Average
CUST-0062,18,11,1256.66,3.909090909090909,2513.32,1.7,3,At Risk / Churning,Home & Kitchen,4,3,4,11,Loyal
CUST-0063,22,15,1422.3,2.2666666666666666,2844.6,1.6,0,Steady Mid-Value,Electronics,3,5,4,12,Loyal
CUST-0064,45,6,696.04,2.5,1392.08,7.4,1,High-Value Champions,Fashion,2,1,2,5,Hibernating
CUST-0065,37,9,833.31,2.888888888888889,1666.62,4.3,1,High-Value Champions,Beauty,2,2,2,6,Hibernating
CUST-0066,88,11,634.08,2.727272727272727,1268.16,8.4,2,New / Low Spend,Electronics,1,3,1,5,Hibernating
CUST-0067,99,9,1147.5,3.3333333333333335,2295.0,11.4,2,New / Low Spend,Home & Kitchen,1,2,3,6,Hibernating
CUST-0068,7,9,1471.06,2.7777777777777777,2942.12,0.8,3,At Risk / Churning,Books,5,2,4,11,Loyal
CUST-0069,38,13,1451.8,2.3846153846153846,2903.6,3.1,3,At Risk / Churning,Home & Kitchen,2,4,4,10,Loyal
CUST-0070,37,9,519.77,3.7777777777777777,1039.54,4.3,1,High-Value Champions,Beauty,2,2,1,5,Hibernating
CUST-0071,261,2,122.56,4.5,245.12,100.0,2,New / Low Spend,Fashion,1,1,1,3,Hibernating
CUST-0072,31,12,1073.56,2.5,2147.12,2.7,3,At Risk / Churning,Books,3,4,3,10,Loyal
CUST-0073,5,10,1041.62,3.2,2083.24,0.5,3,At Risk / Churning,Beauty,5,3,3,11,Loyal
CUST-0074,1,5,626.15,2.4,1252.3,0.2,1,High-Value Champions,Books,5,1,1,7,Average
CUST-0075,6,14,1597.47,2.2142857142857144,3194.94,0.5,0,Steady Mid-Value,Books,5,5,5,15,Champions
CUST-0076,42,13,1400.46,3.230769230769231,2800.92,3.4,3,At Risk / Churning,Books,2,4,4,10,Loyal
CUST-0077,15,6,395.92,3.0,791.84,2.5,1,High-Value Champions,Fashion,4,1,1,6,Hibernating
CUST-0078,25,9,756.74,3.0,1513.48,2.9,1,High-Value Champions,Beauty,3,2,2,7,Average
CUST-0079,32,6,342.65999999999997,2.5,685.32,5.3,1,High-Value Champions,Books,3,1,1,5,Hibernating
CUST-0080,180,5,452.09999999999997,2.6,904.2,34.5,2,New / Low Spend,Beauty,1,1,1,3,Hibernating
CUST-0081,1,9,1114.81,2.7777777777777777,2229.62,0.1,3,At Risk / Churning,Home & Kitchen,5,2,3,10,Loyal
CUST-0082,49,12,970.63,3.1666666666666665,1941.26,4.3,3,At Risk / Churning,Home & Kitchen,2,4,3,9,Average
CUST-0083,10,5,407.12,2.8,814.24,1.9,1,High-Value Champions,Books,5,1,1,7,Average
CUST-0084,20,15,2084.39,3.066666666666667,4168.78,1.4,0,Steady Mid-Value,Beauty,4,5,5,14,Champions
CUST-0085,119,5,975.12,3.0,1950.24,22.8,2,New / Low Spend,Books,1,1,3,5,Hibernating
CUST-0086,27,14,1841.79,2.5714285714285716,3683.58,2.1,0,Steady Mid-Value,Electronics,3,5,5,13,Champions
CUST-0087,32,9,1115.08,3.6666666666666665,2230.16,3.7,3,At Risk / Churning,Home & Kitchen,3,2,3,8,Average
CUST-0088,17,4,509.73,3.75,1019.46,3.9,1,High-Value Champions,Home & Kitchen,4,1,1,6,Hibernating
CUST-0089,2,10,1184.3,3.3,2368.6,0.2,3,At Risk / Churning,Electronics,5,3,3,11,Loyal
CUST-0090,10,14,1895.95,3.2142857142857144,3791.9,0.8,0,Steady Mid-Value,Fashion,5,5,5,15,Champions
CUST-0091,18,3,222.82999999999998,2.3333333333333335,445.66,5.2,1,High-Value Champions,Fashion,4,1,1,6,Hibernating
CUST-0092,39,14,710.78,3.142857142857143,1421.56,3.0,3,At Risk / Churning,Fashion,2,5,2,9,Average
CUST-0093,10,9,1173.63,3.111111111111111,2347.26,1.1,3,At Risk / Churning,Fashion,5,2,3,10,Loyal
CUST-0094,317,3,131.60000000000002,3.0,263.2,91.1,2,New / Low Spend,Beauty,1,1,1,3,Hibernating
CUST-0095,14,10,953.6999999999999,3.5,1907.4,1.5,3,At Risk / Churning,Beauty,4,3,3,10,Loyal
CUST-0096,5,9,1280.6100000000001,2.7777777777777777,2561.22,0.6,3,At Risk / Churning,Fashion,5,2,4,11,Loyal
CUST-0097,24,7,567.13,3.7142857142857144,1134.26,3.4,1,High-Value Champions,Electronics,3,1,1,5,Hibernating
CUST-0098,55,12,1138.99,3.0833333333333335,2277.98,4.9,3,At Risk / Churning,Beauty,1,4,3,8,Average
CUST-0099,20,15,1109.57,2.533333333333333,2219.14,1.4,3,At Risk / Churning,Books,4,5,3,12,Loyal
CUST-0100,53,9,795.81,2.7777777777777777,1591.62,6.1,1,High-Value Champions,Electronics,2,2,2,6,Hibernating
CUST-0101,18,15,1842.18,3.6666666666666665,3684.36,1.3,0,Steady Mid-Value,Home & Kitchen,4,5,5,14,Champions
CUST-0102,7,10,1265.31,3.3,2530.62,0.7,3,At Risk / Churning,Home & Kitchen,5,3,4,12,Loyal
CUST-0103,71,8,1134.54,2.75,2269.08,9.1,1,High-Value Champions,Home & Kitchen,1,2,3,6,Hibernating
CUST-0104,21,13,1268.16,3.3076923076923075,2536.32,1.7,3,At Risk / Churning,Beauty,4,4,4,12,Loyal
CUST-0105,9,7,807.69,2.0,1615.38,1.3,1,High-Value Champions,Fashion,5,1,2,8,Average
CUST-0106,20,10,1803.5900000000001,3.0,3607.18,2.1,3,At Risk / Churning,Fashion,4,3,5,12,Loyal
CUST-0107,43,9,1216.31,3.3333333333333335,2432.62,4.9,3,At Risk / Churning,Electronics,2,2,3,7,Average
CUST-0108,30,12,975.9,3.5833333333333335,1951.8,2.7,3,At Risk / Churning,Fashion,3,4,3,10,Loyal
CUST-0109,12,11,1548.99,2.909090909090909,3097.98,1.1,3,At Risk / Churning,Beauty,4,3,4,11,Loyal
CUST-0110,42,5,335.69,3.6,671.38,8.0,1,High-Value Champions,Electronics,2,1,1,4,Hibernating
CUST-0111,28,15,3407.33,3.1333333333333333,6814.66,2.0,0,Steady Mid-Value,Home & Kitchen,3,5,5,13,Champions
CUST-0112,101,8,985.14,2.375,1970.28,12.9,2,New / Low Spend,Books,1,2,3,6,Hibernating
CUST-0113,78,18,1692.63,3.388888888888889,3385.26,4.7,0,Steady Mid-Value,Fashion,1,5,5,11,Loyal
CUST-0114,11,9,454.13,3.111111111111111,908.26,1.3,1,High-Value Champions,Books,4,2,1,7,Average
CUST-0115,105,6,681.9,2.6666666666666665,1363.8,17.2,2,New / Low Spend,Home & Kitchen,1,1,2,4,Hibernating
CUST-0116,24,10,1306.3899999999999,2.5,2612.78,2.5,3,At Risk / Churning,Books,3,3,4,10,Loyal
CUST-0117,20,16,1908.51,3.1875,3817.02,1.4,0,Steady Mid-Value,Electronics,4,5,5,14,Champions
CUST-0118,43,14,2145.23,3.0,4290.46,3.3,0,Steady Mid-Value,Beauty,2,5,5,12,Loyal
CUST-0119,42,10,849.4200000000001,3.5,1698.84,4.4,3,At Risk / Churning,Beauty,2,3,2,7,Average
CUST-0120,6,11,1055.1399999999999,2.3636363636363638,2110.28,0.6,3,At Risk / Churning,Beauty,5,3,3,11,Loyal
CUST-0121,1,8,773.61,2.375,1547.22,0.1,1,High-Value Champions,Fashion,5,2,2,9,Average
CUST-0122,12,12,1749.72,3.0,3499.44,1.1,0,Steady Mid-Value,Beauty,4,4,5,13,Champions
CUST-0123,64,5,1227.49,3.0,2454.98,12.3,1,High-Value Champions,Books,1,1,4,6,Hibernating
CUST-0124,33,10,949.37,3.2,1898.74,3.4,3,At Risk / Churning,Fashion,3,3,3,9,Average
CUST-0125,9,10,1065.1299999999999,3.3,2130.26,0.9,3,At Risk / Churning,Books,5,3,3,11,Loyal
CUST-0126,45,13,1609.78,2.3076923076923075,3219.56,3.7,0,Steady Mid-Value,Home & Kitchen,2,4,5,11,Loyal
CUST-0127,2,11,1649.02,3.272727272727273,3298.04,0.2,3,At Risk / Churning,Books,5,3,5,13,Champions
CUST-0128,8,12,1691.59,3.0833333333333335,3383.18,0.7,0,Steady Mid-Value,Fashion,5,4,5,14,Champions
CUST-0129,23,11,1223.1499999999999,3.1818181818181817,2446.3,2.2,3,At Risk / Churning,Fashion,3,3,3,9,Average
CUST-0130,30,14,1271.8899999999999,2.9285714285714284,2543.78,2.3,3,At Risk / Churning,Home & Kitchen,3,5,4,12,Loyal
CUST-0131,41,12,1662.64,2.25,3325.28,3.6,0,Steady Mid-Value,Fashion,2,4,5,11,Loyal
CUST-0132,59,8,822.56,3.5,1645.12,7.5,1,High-Value Champions,Home & Kitchen,1,2,2,5,Hibernating
CUST-0133,23,12,551.13,3.3333333333333335,1102.26,2.0,3,At Risk / Churning,Books,3,4,1,8,Average
CUST-0134,4,11,1142.08,2.6363636363636362,2284.16,0.4,3,At Risk / Churning,Fashion,5,3,3,11,Loyal
CUST-0135,17,5,421.86,2.6,843.72,3.3,1,High-Value Champions,Electronics,4,1,1,6,Hibernating
CUST-0136,25,13,1545.26,3.230769230769231,3090.52,2.1,0,Steady Mid-Value,Electronics,3,4,4,11,Loyal
CUST-0137,24,8,1115.26,3.375,2230.52,3.1,3,At Risk / Churning,Electronics,3,2,3,8,Average
CUST-0138,52,7,2031.17,2.4285714285714284,4062.34,7.5,3,At Risk / Churning,Electronics,2,1,5,8,Average
CUST-0139,50,6,370.21,4.0,740.42,8.2,1,High-Value Champions,Beauty,2,1,1,4,Hibernating
CUST-0140,24,5,867.45,3.2,1734.9,4.6,1,High-Value Champions,Beauty,3,1,2,6,Hibernating
CUST-0141,7,11,674.01,3.090909090909091,1348.02,0.7,3,At Risk / Churning,Fashion,5,3,1,9,Average
CUST-0142,23,10,1292.99,2.9,2585.98,2.4,3,At Risk / Churning,Fashion,3,3,4,10,Loyal
CUST-0143,7,14,1528.57,2.642857142857143,3057.14,0.5,0,Steady Mid-Value,Electronics,5,5,4,14,Champions
CUST-0144,35,13,1859.73,3.3076923076923075,3719.46,2.9,0,Steady Mid-Value,Beauty,2,4,5,11,Loyal
CUST-0145,19,13,1566.54,2.3846153846153846,3133.08,1.6,0,Steady Mid-Value,Home & Kitchen,4,4,5,13,Champions
CUST-0146,28,12,1156.49,3.1666666666666665,2312.98,2.5,3,At Risk / Churning,Home & Kitchen,3,4,3,10,Loyal
CUST-0147,29,18,2447.68,3.388888888888889,4895.36,1.8,0,Steady Mid-Value,Books,3,5,5,13,Champions
CUST-0148,34,13,1293.59,2.6153846153846154,2587.18,2.8,3,At Risk / Churning,Electronics,2,4,4,10,Loyal
CUST-0149,49,14,1681.79,3.0714285714285716,3363.58,3.8,0,Steady Mid-Value,Fashion,2,5,5,12,Loyal
CUST-0150,29,10,1305.32,3.0,2610.64,3.0,3,At Risk / Churning,Fashion,3,3,4,10,Loyal
CUST-0151,20,10,1304.8999999999999,3.2,2609.8,2.1,3,At Risk / Churning,Books,4,3,4,11,Loyal
CUST-0152,99,18,1599.91,2.5,3199.82,6.0,0,Steady Mid-Value,Home & Kitchen,1,5,5,11,Loyal
CUST-0153,39,11,1237.8200000000002,2.4545454545454546,2475.64,3.7,3,At Risk / Churning,Electronics,2,4,4,10,Loyal
CUST-0154,69,18,1596.02,3.0555555555555554,3192.04,4.2,0,Steady Mid-Value,Home & Kitchen,1,5,5,11,Loyal
CUST-0155,97,7,780.97,4.142857142857143,1561.94,13.9,2,New / Low Spend,Beauty,1,1,2,4,Hibernating
CUST-0156,10,9,1241.5900000000001,2.3333333333333335,2483.18,1.1,3,At Risk / Churning,Books,5,2,4,11,Loyal
CUST-0157,14,10,658.84,3.3,1317.68,1.5,3,At Risk / Churning,Fashion,4,3,1,8,Average
CUST-0158,4,15,1600.01,3.1333333333333333,3200.02,0.3,0,Steady Mid-Value,Books,5,5,5,15,Champions
CUST-0159,19,6,774.36,2.6666666666666665,1548.72,3.1,1,High-Value Champions,Fashion,4,1,2,7,Average
CUST-0160,4,17,1087.3799999999999,3.3529411764705883,2174.76,0.3,0,Steady Mid-Value,Home & Kitchen,5,5,3,13,Champions
CUST-0161,17,17,1640.87,2.6470588235294117,3281.74,1.1,0,Steady Mid-Value,Fashion,4,5,5,14,Champions
CUST-0162,2,9,1304.83,2.7777777777777777,2609.66,0.2,3,At Risk / Churning,Electronics,5,2,4,11,Loyal
CUST-0163,36,12,1755.64,3.5,3511.28,3.2,0,Steady Mid-Value,Beauty,2,4,5,11,Loyal
CUST-0164,7,15,1603.92,3.0,3207.84,0.5,0,Steady Mid-Value,Books,5,5,5,15,Champions
CUST-0165,21,10,966.74,3.2,1933.48,2.2,3,At Risk / Churning,Fashion,4,3,3,10,Loyal
CUST-0166,16,7,670.8,3.142857142857143,1341.6,2.3,1,High-Value Champions,Books,4,1,1,6,Hibernating
CUST-0167,23,8,607.35,2.625,1214.7,2.9,1,High-Value Champions,Fashion,3,2,1,6,Hibernating
CUST-0168,107,7,457.45,2.142857142857143,914.9,15.4,2,New / Low Spend,Beauty,1,1,1,3,Hibernating
CUST-0169,178,6,2110.98,3.5,4221.96,29.2,2,New / Low Spend,Books,1,1,5,7,Average
CUST-0170,41,11,1211.08,2.909090909090909,2422.16,3.9,3,At Risk / Churning,Fashion,2,4,3,9,Average
CUST-0171,1,6,732.4,3.1666666666666665,1464.8,0.2,1,High-Value Champions,Fashion,5,1,2,8,Average
CUST-0172,23,11,1310.61,3.0,2621.22,2.2,3,At Risk / Churning,Beauty,3,4,4,11,Loyal
CUST-0173,30,17,2082.56,3.1176470588235294,4165.12,1.9,0,Steady Mid-Value,Fashion,3,5,5,13,Champions
CUST-0174,4,8,631.92,2.125,1263.84,0.5,1,High-Value Champions,Electronics,5,2,1,8,Average
CUST-0175,18,9,1180.49,3.111111111111111,2360.98,2.1,3,At Risk / Churning,Home & Kitchen,4,2,3,9,Average
CUST-0176,14,9,1565.1399999999999,3.3333333333333335,3130.28,1.6,3,At Risk / Churning,Electronics,4,2,5,11,Loyal
CUST-0177,28,12,1618.05,3.25,3236.1,2.5,0,Steady Mid-Value,Beauty,3,4,5,12,Loyal
CUST-0178,3,12,1188.14,3.3333333333333335,2376.28,0.3,3,At Risk / Churning,Electronics,5,4,3,12,Loyal
CUST-0179,26,9,890.53,3.2222222222222223,1781.06,3.0,3,At Risk / Churning,Home & Kitchen,3,2,2,7,Average
CUST-0180,19,8,1036.19,3.5,2072.38,2.4,3,At Risk / Churning,Fashion,4,2,3,9,Average
CUST-0181,70,8,723.48,2.875,1446.96,8.9,1,High-Value Champions,Fashion,1,2,2,5,Hibernating
CUST-0182,45,6,742.75,1.8333333333333333,1485.5,7.4,1,High-Value Champions,Electronics,2,1,2,5,Hibernating
CUST-0183,87,12,1747.27,2.6666666666666665,3494.54,7.7,0,Steady Mid-Value,Home & Kitchen,1,4,5,10,Loyal
CUST-0184,33,10,764.69,3.1,1529.38,3.4,3,At Risk / Churning,Fashion,3,3,2,8,Average
CUST-0185,105,3,717.27,2.3333333333333335,1434.54,30.2,2,New / Low Spend,Books,1,1,2,4,Hibernating
CUST-0186,33,8,808.39,2.5,1616.78,4.2,1,High-Value Champions,Electronics,3,2,2,7,Average
CUST-0187,15,7,696.97,3.7142857142857144,1393.94,2.2,1,High-Value Champions,Fashion,4,1,2,7,Average
CUST-0188,22,17,2020.24,3.235294117647059,4040.48,1.4,0,Steady Mid-Value,Beauty,3,5,5,13,Champions
CUST-0189,36,7,1063.96,3.142857142857143,2127.92,5.2,1,High-Value Champions,Home & Kitchen,2,1,3,6,Hibernating
CUST-0190,12,13,1120.59,3.1538461538461537,2241.18,1.0,3,At Risk / Churning,Electronics,4,4,3,11,Loyal
CUST-0191,10,10,1610.32,3.7,3220.64,1.0,3,At Risk / Churning,Electronics,5,3,5,13,Champions
CUST-0192,48,17,1546.72,2.588235294117647,3093.44,3.1,0,Steady Mid-Value,Electronics,2,5,4,11,Loyal
CUST-0193,91,5,1180.0700000000002,4.0,2360.14,17.4,2,New / Low Spend,Home & Kitchen,1,1,3,5,Hibernating
CUST-0194,26,8,533.26,3.625,1066.52,3.3,1,High-Value Champions,Home & Kitchen,3,2,1,6,Hibernating
CUST-0195,178,8,588.06,3.25,1176.12,22.7,2,New / Low Spend,Electronics,1,2,1,4,Hibernating
CUST-0196,24,13,1647.07,3.3846153846153846,3294.14,2.0,0,Steady Mid-Value,Beauty,3,4,5,12,Loyal
CUST-0197,22,4,516.23,2.25,1032.46,5.1,1,High-Value Champions,Books,3,1,1,5,Hibernating
CUST-0198,23,13,2284.48,2.769230769230769,4568.96,1.9,0,Steady Mid-Value,Home & Kitchen,3,4,5,12,Loyal
CUST-0199,9,6,367.84000000000003,3.5,735.68,1.5,1,High-Value Champions,Home & Kitchen,5,1,1,7,Average
CUST-0200,20,5,536.87,3.0,1073.74,3.8,1,High-Value Champions,Books,4,1,1,6,Hibernating
CUST-0201,15,12,1431.95,3.6666666666666665,2863.9,1.3,3,At Risk / Churning,Books,4,4,4,12,Loyal
CUST-0202,13,12,1303.25,3.4166666666666665,2606.5,1.1,3,At Risk / Churning,Fashion,4,4,4,12,Loyal
CUST-0203,28,9,1751.28,2.2222222222222223,3502.56,3.2,3,At Risk / Churning,Fashion,3,2,5,10,Loyal
CUST-0204,49,6,912.8900000000001,2.8333333333333335,1825.78,8.0,1,High-Value Champions,Electronics,2,1,2,5,Hibernating
CUST-0205,31,4,1573.13,3.75,3146.26,7.1,1,High-Value Champions,Beauty,3,1,5,9,Average
CUST-0206,163,7,1358.64,3.2857142857142856,2717.28,23.4,2,New / Low Spend,Home & Kitchen,1,2,4,7,Average
CUST-0207,110,6,542.0,2.0,1084.0,18.1,2,New / Low Spend,Beauty,1,1,1,3,Hibernating
CUST-0208,111,8,572.55,3.75,1145.1,14.2,2,New / Low Spend,Home & Kitchen,1,2,1,4,Hibernating
CUST-0209,33,5,656.9499999999999,2.0,1313.9,6.3,1,High-Value Champions,Electronics,3,1,1,5,Hibernating
CUST-0210,10,8,805.1800000000001,2.625,1610.36,1.3,1,High-Value Champions,Home & Kitchen,5,2,2,9,Average
CUST-0211,6,6,482.01000000000005,3.1666666666666665,964.02,1.0,1,High-Value Champions,Books,5,1,1,7,Average
CUST-0212,52,4,752.8,4.0,1505.6,12.0,1,High-Value Champions,Fashion,2,1,2,5,Hibernating
CUST-0213,7,13,2752.09,3.3076923076923075,5504.18,0.6,0,Steady Mid-Value,Beauty,5,4,5,14,Champions
CUST-0214,8,13,1363.04,2.4615384615384617,2726.08,0.7,3,At Risk / Churning,Books,5,4,4,13,Champions
CUST-0215,13,14,1003.27,3.2142857142857144,2006.54,1.0,3,At Risk / Churning,Home & Kitchen,4,5,3,12,Loyal
CUST-0216,11,12,946.39,3.5833333333333335,1892.78,1.0,3,At Risk / Churning,Beauty,4,4,2,10,Loyal
CUST-0217,42,11,1194.46,2.090909090909091,2388.92,4.0,3,At Risk / Churning,Beauty,2,4,3,9,Average
CUST-0218,9,12,1472.3899999999999,2.25,2944.78,0.8,3,At Risk / Churning,Home & Kitchen,5,4,4,13,Champions
CUST-0219,17,6,448.01,3.3333333333333335,896.02,2.8,1,High-Value Champions,Books,4,1,1,6,Hibernating
CUST-0220,13,14,2116.16,3.0,4232.32,1.0,0,Steady Mid-Value,Fashion,4,5,5,14,Champions
CUST-0221,17,6,476.34999999999997,2.6666666666666665,952.7,2.8,1,High-Value Champions,Electronics,4,1,1,6,Hibernating
CUST-0222,1,10,1307.1,3.2,2614.2,0.1,3,At Risk / Churning,Fashion,5,3,4,12,Loyal
CUST-0223,14,14,1978.6000000000001,2.9285714285714284,3957.2,1.1,0,Steady Mid-Value,Home & Kitchen,4,5,5,14,Champions
CUST-0224,5,13,1355.47,2.923076923076923,2710.94,0.4,3,At Risk / Churning,Fashion,5,5,4,14,Champions
CUST-0225,4,10,1341.3899999999999,2.3,2682.78,0.4,3,At Risk / Churning,Fashion,5,3,4,12,Loyal
CUST-0226,23,13,2030.25,2.6923076923076925,4060.5,1.9,0,Steady Mid-Value,Beauty,3,5,5,13,Champions
CUST-0227,8,17,4132.49,2.588235294117647,8264.98,0.5,0,Steady Mid-Value,Electronics,5,5,5,15,Champions
CUST-0228,3,10,874.26,2.6,1748.52,0.3,3,At Risk / Churning,Home & Kitchen,5,3,2,10,Loyal
CUST-0229,2,13,1364.44,3.0,2728.88,0.2,3,At Risk / Churning,Beauty,5,5,4,14,Champions
CUST-0230,136,5,598.33,2.4,1196.66,26.1,2,New / Low Spend,Books,1,1,1,3,Hibernating
CUST-0231,60,12,1415.53,2.5833333333333335,2831.06,5.3,3,At Risk / Churning,Fashion,1,4,4,9,Average
CUST-0232,79,9,785.9,2.7777777777777777,1571.8,9.1,1,High-Value Champions,Fashion,1,2,2,5,Hibernating
CUST-0233,16,14,1832.46,2.9285714285714284,3664.92,1.2,0,Steady Mid-Value,Electronics,4,5,5,14,Champions
CUST-0234,82,6,515.5,2.5,1031.0,13.5,2,New / Low Spend,Fashion,1,1,1,3,Hibernating
CUST-0235,66,6,1010.47,3.3333333333333335,2020.94,10.8,1,High-Value Champions,Fashion,1,1,3,5,Hibernating
CUST-0236,8,10,692.33,2.2,1384.66,0.8,3,At Risk / Churning,Home & Kitchen,5,3,2,10,Loyal
CUST-0237,13,11,1272.32,3.1818181818181817,2544.64,1.2,3,At Risk / Churning,Books,4,4,4,12,Loyal
CUST-0238,32,7,644.81,2.7142857142857144,1289.62,4.6,1,High-Value Champions,Beauty,3,2,1,6,Hibernating
CUST-0239,27,12,2032.09,3.25,4064.18,2.4,0,Steady Mid-Value,Home & Kitchen,3,4,5,12,Loyal
CUST-0240,30,6,850.6800000000001,3.6666666666666665,1701.36,4.9,1,High-Value Champions,Home & Kitchen,3,1,2,6,Hibernating
CUST-0241,3,6,972.33,2.6666666666666665,1944.66,0.5,1,High-Value Champions,Home & Kitchen,5,1,3,9,Average
CUST-0242,48,11,1053.22,3.4545454545454546,2106.44,4.6,3,At Risk / Churning,Books,2,4,3,9,Average
CUST-0243,4,10,1137.8899999999999,2.2,2275.78,0.4,3,At Risk / Churning,Home & Kitchen,5,3,3,11,Loyal
CUST-0244,61,4,454.25,3.0,908.5,14.0,1,High-Value Champions,Fashion,1,1,1,3,Hibernating
CUST-0245,8,6,545.77,2.5,1091.54,1.3,1,High-Value Champions,Beauty,5,1,1,7,Average
CUST-0246,4,9,1085.47,3.2222222222222223,2170.94,0.5,3,At Risk / Churning,Fashion,5,2,3,10,Loyal
CUST-0247,2,11,1226.8799999999999,2.4545454545454546,2453.76,0.2,3,At Risk / Churning,Beauty,5,4,3,12,Loyal
CUST-0248,40,5,605.31,2.4,1210.62,7.7,1,High-Value Champions,Home & Kitchen,2,1,1,4,Hibernating
CUST-0249,22,9,1367.73,3.0,2735.46,2.5,3,At Risk / Churning,Books,3,2,4,9,Average
CUST-0250,28,11,1331.5,2.6363636363636362,2663.0,2.7,3,At Risk / Churning,Home & Kitchen,3,4,4,11,Loyal
CUST-0251,35,13,1084.65,2.923076923076923,2169.3,2.9,3,At Risk / Churning,Beauty,2,5,3,10,Loyal
CUST-0252,4,11,1301.52,3.0,2603.04,0.4,3,At Risk / Churning,Beauty,5,4,4,13,Champions
CUST-0253,1,8,785.25,3.25,1570.5,0.1,1,High-Value Champions,Fashion,5,2,2,9,Average
CUST-0254,77,10,1045.03,2.7,2090.06,8.0,3,At Risk / Churning,Books,1,3,3,7,Average
CUST-0255,19,7,695.97,3.4285714285714284,1391.94,2.7,1,High-Value Champions,Electronics,4,2,2,8,Average
CUST-0256,118,8,889.37,3.625,1778.74,15.1,2,New / Low Spend,Beauty,1,2,2,5,Hibernating
CUST-0257,36,10,1331.7,2.9,2663.4,3.8,3,At Risk / Churning,Fashion,2,3,4,9,Average
CUST-0258,40,10,1758.33,3.5,3516.66,4.2,3,At Risk / Churning,Books,2,3,5,10,Loyal
CUST-0259,27,12,1500.65,2.75,3001.3,2.4,3,At Risk / Churning,Home & Kitchen,3,4,4,11,Loyal
CUST-0260,80,14,1917.48,3.2142857142857144,3834.96,6.1,0,Steady Mid-Value,Books,1,5,5,11,Loyal
CUST-0261,24,11,1452.67,2.727272727272727,2905.34,2.3,3,At Risk / Churning,Fashion,3,4,4,11,Loyal
CUST-0262,30,12,2008.48,3.5,4016.96,2.7,0,Steady Mid-Value,Books,3,4,5,12,Loyal
CUST-0263,19,7,643.3299999999999,2.7142857142857144,1286.66,2.7,1,High-Value Champions,Home & Kitchen,4,2,1,7,Average
CUST-0264,12,17,1666.32,3.1176470588235294,3332.64,0.8,0,Steady Mid-Value,Beauty,4,5,5,14,Champions
CUST-0265,16,8,880.91,3.0,1761.82,2.0,1,High-Value Champions,Home & Kitchen,4,2,2,8,Average
CUST-0266,22,8,875.04,2.5,1750.08,2.8,1,High-Value Champions,Fashion,3,2,2,7,Average
CUST-0267,32,13,625.14,2.923076923076923,1250.28,2.6,3,At Risk / Churning,Beauty,3,5,1,9,Average
CUST-0268,45,15,891.01,3.3333333333333335,1782.02,3.2,3,At Risk / Churning,Home & Kitchen,2,5,2,9,Average
CUST-0269,81,9,1268.7,2.6666666666666665,2537.4,9.3,3,At Risk / Churning,Electronics,1,2,4,7,Average
CUST-0270,48,9,1293.29,2.888888888888889,2586.58,5.5,3,At Risk / Churning,Home & Kitchen,2,2,4,8,Average
CUST-0271,26,11,744.65,3.1818181818181817,1489.3,2.5,3,At Risk / Churning,Beauty,3,4,2,9,Average
CUST-0272,32,5,557.88,2.4,1115.76,6.1,1,High-Value Champions,Home & Kitchen,3,1,1,5,Hibernating
CUST-0273,67,12,1120.69,2.25,2241.38,5.9,3,At Risk / Churning,Home & Kitchen,1,4,3,8,Average
CUST-0274,9,6,599.05,2.5,1198.1,1.5,1,High-Value Champions,Beauty,5,1,1,7,Average
CUST-0275,14,10,1439.6299999999999,2.5,2879.26,1.5,3,At Risk / Churning,Beauty,4,3,4,11,Loyal
CUST-0276,44,5,527.52,3.8,1055.04,8.4,1,High-Value Champions,Electronics,2,1,1,4,Hibernating
CUST-0277,9,16,2529.43,2.3125,5058.86,0.6,0,Steady Mid-Value,Beauty,5,5,5,15,Champions
CUST-0278,140,6,666.71,1.5,1333.42,23.0,2,New / Low Spend,Books,1,1,1,3,Hibernating
CUST-0279,16,7,492.23,2.5714285714285716,984.46,2.3,1,High-Value Champions,Books,4,2,1,7,Average
CUST-0280,10,10,1411.21,2.9,2822.42,1.0,3,At Risk / Churning,Books,5,3,4,12,Loyal
CUST-0281,39,9,936.43,2.3333333333333335,1872.86,4.5,3,At Risk / Churning,Fashion,2,3,2,7,Average
CUST-0282,14,11,1790.98,3.090909090909091,3581.96,1.3,0,Steady Mid-Value,Home & Kitchen,4,4,5,13,Champions
CUST-0283,125,10,769.24,3.3,1538.48,13.1,2,New / Low Spend,Fashion,1,3,2,6,Hibernating
CUST-0284,22,11,819.85,2.909090909090909,1639.7,2.1,3,At Risk / Churning,Beauty,3,4,2,9,Average
CUST-0285,5,14,1763.43,3.0714285714285716,3526.86,0.4,0,Steady Mid-Value,Books,5,5,5,15,Champions
CUST-0286,41,12,1159.8400000000001,3.0833333333333335,2319.68,3.6,3,At Risk / Churning,Electronics,2,4,3,9,Average
CUST-0287,58,7,603.0,3.5714285714285716,1206.0,8.3,1,High-Value Champions,Fashion,1,2,1,4,Hibernating
CUST-0288,2,17,1991.52,2.764705882352941,3983.04,0.1,0,Steady Mid-Value,Books,5,5,5,15,Champions
CUST-0289,16,15,1638.41,3.3333333333333335,3276.82,1.1,0,Steady Mid-Value,Electronics,4,5,5,14,Champions
CUST-0290,30,9,936.12,2.7777777777777777,1872.24,3.4,3,At Risk / Churning,Home & Kitchen,3,3,2,8,Average
CUST-0291,53,10,1509.84,3.6,3019.68,5.5,3,At Risk / Churning,Electronics,2,3,4,9,Average
CUST-0292,55,8,693.65,3.25,1387.3,7.0,1,High-Value Champions,Electronics,1,2,2,5,Hibernating
CUST-0293,59,15,1606.3899999999999,2.466666666666667,3212.78,4.2,0,Steady Mid-Value,Electronics,1,5,5,11,Loyal
CUST-0294,7,12,955.68,3.4166666666666665,1911.36,0.6,3,At Risk / Churning,Electronics,5,4,3,12,Loyal
CUST-0295,10,10,891.3299999999999,2.9,1782.66,1.0,3,At Risk / Churning,Fashion,5,3,2,10,Loyal
CUST-0296,29,7,377.63,3.4285714285714284,755.26,4.2,1,High-Value Champions,Books,3,2,1,6,Hibernating
CUST-0297,100,4,638.03,2.25,1276.06,23.0,2,New / Low Spend,Beauty,1,1,1,3,Hibernating
CUST-0298,94,4,179.75,2.5,359.5,21.6,2,New / Low Spend,Beauty,1,1,1,3,Hibernating
CUST-0299,94,3,346.72,1.6666666666666667,693.44,27.0,2,New / Low Spend,Home & Kitchen,1,1,1,3,Hibernating
CUST-0300,33,7,532.3199999999999,3.4285714285714284,1064.64,4.7,1,High-Value Champions,Books,3,2,1,6,Hibernating
CUST-0301,11,14,1343.88,3.357142857142857,2687.76,0.8,3,At Risk / Churning,Beauty,4,5,4,13,Champions
CUST-0302,4,16,1096.97,3.0,2193.94,0.3,3,At Risk / Churning,Beauty,5,5,3,13,Champions
CUST-0303,15,16,2207.46,3.0625,4414.92,1.0,0,Steady Mid-Value,Fashion,4,5,5,14,Champions
CUST-0304,54,11,1272.99,3.5454545454545454,2545.98,5.2,3,At Risk / Churning,Fashion,1,4,4,9,Average
CUST-0305,27,15,1337.34,3.066666666666667,2674.68,1.9,0,Steady Mid-Value,Books,3,5,4,12,Loyal
CUST-0306,38,6,1046.29,3.5,2092.58,6.2,1,High-Value Champions,Fashion,2,1,3,6,Hibernating
CUST-0307,35,9,1313.28,3.6666666666666665,2626.56,4.0,3,At Risk / Churning,Books,2,3,4,9,Average
CUST-0308,67,10,1576.81,3.3,3153.62,7.0,3,At Risk / Churning,Books,1,3,5,9,Average
CUST-0309,83,8,596.6500000000001,3.125,1193.3,10.6,2,New / Low Spend,Books,1,2,1,4,Hibernating
CUST-0310,2,13,1928.27,3.1538461538461537,3856.54,0.2,0,Steady Mid-Value,Books,5,5,5,15,Champions
CUST-0311,2,11,836.4399999999999,3.1818181818181817,1672.88,0.2,3,At Risk / Churning,Beauty,5,4,2,11,Loyal
CUST-0312,14,9,1303.67,3.2222222222222223,2607.34,1.6,3,At Risk / Churning,Beauty,4,3,4,11,Loyal
CUST-0313,14,13,2106.0299999999997,2.8461538461538463,4212.06,1.1,0,Steady Mid-Value,Beauty,4,5,5,14,Champions
CUST-0314,31,12,1236.15,2.5,2472.3,2.7,3,At Risk / Churning,Home & Kitchen,3,4,4,11,Loyal
CUST-0315,82,6,472.47,3.5,944.94,13.5,2,New / Low Spend,Fashion,1,1,1,3,Hibernating
CUST-0316,29,14,1291.68,2.4285714285714284,2583.36,2.2,3,At Risk / Churning,Fashion,3,5,4,12,Loyal
CUST-0317,49,6,341.26,3.3333333333333335,682.52,8.0,1,High-Value Champions,Books,2,1,1,4,Hibernating
CUST-0318,23,13,1765.01,2.923076923076923,3530.02,1.9,0,Steady Mid-Value,Fashion,3,5,5,13,Champions
CUST-0319,6,11,759.77,3.1818181818181817,1519.54,0.6,3,At Risk / Churning,Fashion,5,4,2,11,Loyal
CUST-0320,17,13,1077.84,2.923076923076923,2155.68,1.4,3,At Risk / Churning,Electronics,4,5,3,12,Loyal
CUST-0321,56,9,1129.48,3.3333333333333335,2258.96,6.4,3,At Risk / Churning,Electronics,1,3,3,7,Average
CUST-0322,181,4,263.3,3.25,526.6,41.6,2,New / Low Spend,Books,1,1,1,3,Hibernating
CUST-0323,83,10,1954.45,4.0,3908.9,8.7,0,Steady Mid-Value,Fashion,1,3,5,9,Average
CUST-0324,31,12,1249.05,3.25,2498.1,2.7,3,At Risk / Churning,Beauty,3,4,4,11,Loyal
CUST-0325,44,12,2066.74,2.6666666666666665,4133.48,3.9,0,Steady Mid-Value,Beauty,2,4,5,11,Loyal
CUST-0326,26,10,1326.3000000000002,3.0,2652.6,2.7,3,At Risk / Churning,Beauty,3,3,4,10,Loyal
CUST-0327,44,7,1734.83,2.857142857142857,3469.66,6.3,3,At Risk / Churning,Books,2,2,5,9,Average
CUST-0328,21,13,1064.48,2.769230769230769,2128.96,1.7,3,At Risk / Churning,Electronics,4,5,3,12,Loyal
CUST-0329,26,7,467.56,2.857142857142857,935.12,3.7,1,High-Value Champions,Fashion,3,2,1,6,Hibernating
CUST-0330,51,11,980.36,3.3636363636363638,1960.72,4.9,3,At Risk / Churning,Beauty,2,4,3,9,Average
CUST-0331,73,7,393.22,3.5714285714285716,786.44,10.5,1,High-Value Champions,Home & Kitchen,1,2,1,4,Hibernating
CUST-0332,35,7,397.39,2.857142857142857,794.78,5.0,1,High-Value Champions,Fashion,2,2,1,5,Hibernating
CUST-0333,50,6,474.23,3.8333333333333335,948.46,8.2,1,High-Value Champions,Home & Kitchen,2,1,1,4,Hibernating
CUST-0334,23,8,555.54,3.375,1111.08,2.9,1,High-Value Champions,Electronics,3,2,1,6,Hibernating
CUST-0335,11,8,598.02,3.75,1196.04,1.4,1,High-Value Champions,Electronics,4,2,1,7,Average
CUST-0336,29,10,881.56,3.3,1763.12,3.0,3,At Risk / Churning,Fashion,3,3,2,8,Average
CUST-0337,6,9,1086.18,2.4444444444444446,2172.36,0.7,3,At Risk / Churning,Electronics,5,3,3,11,Loyal
CUST-0338,11,11,999.84,3.4545454545454546,1999.68,1.1,3,At Risk / Churning,Beauty,4,4,3,11,Loyal
CUST-0339,34,5,286.72,3.2,573.44,6.5,1,High-Value Champions,Beauty,2,1,1,4,Hibernating
CUST-0340,35,10,775.78,3.0,1551.56,3.7,3,At Risk / Churning,Fashion,2,3,2,7,Average
CUST-0341,3,11,495.87,2.727272727272727,991.74,0.3,3,At Risk / Churning,Fashion,5,4,1,10,Loyal
CUST-0342,53,14,1702.98,2.857142857142857,3405.96,4.1,0,Steady Mid-Value,Beauty,2,5,5,12,Loyal
CUST-0343,98,7,544.73,2.2857142857142856,1089.46,14.1,2,New / Low Spend,Home & Kitchen,1,2,1,4,Hibernating
CUST-0344,7,14,998.29,2.857142857142857,1996.58,0.5,3,At Risk / Churning,Beauty,5,5,3,13,Champions
CUST-0345,19,10,1799.43,1.9,3598.86,2.0,3,At Risk / Churning,Home & Kitchen,4,3,5,12,Loyal
CUST-0346,14,9,1527.88,3.3333333333333335,3055.76,1.6,3,At Risk / Churning,Books,4,3,4,11,Loyal
CUST-0347,31,9,787.71,3.4444444444444446,1575.42,3.6,1,High-Value Champions,Beauty,3,3,2,8,Average
CUST-0348,31,8,902.38,3.0,1804.76,4.0,1,High-Value Champions,Electronics,3,2,2,7,Average
CUST-0349,11,14,1293.53,2.357142857142857,2587.06,0.8,3,At Risk / Churning,Books,4,5,4,13,Champions
CUST-0350,35,12,1266.46,3.25,2532.92,3.1,3,At Risk / Churning,Books,2,4,4,10,Loyal
CUST-0351,27,4,1000.0999999999999,2.75,2000.2,6.2,1,High-Value Champions,Fashion,3,1,3,7,Average
CUST-0352,19,9,1227.27,2.7777777777777777,2454.54,2.2,3,At Risk / Churning,Electronics,4,3,3,10,Loyal
CUST-0353,9,10,1745.3500000000001,2.5,3490.7,0.9,3,At Risk / Churning,Beauty,5,3,5,13,Champions
CUST-0354,43,13,977.65,3.1538461538461537,1955.3,3.5,3,At Risk / Churning,Home & Kitchen,2,5,3,10,Loyal
CUST-0355,9,10,886.11,2.5,1772.22,0.9,3,At Risk / Churning,Home & Kitchen,5,3,2,10,Loyal
CUST-0356,2,8,1075.29,3.0,2150.58,0.3,3,At Risk / Churning,Beauty,5,2,3,10,Loyal
CUST-0357,46,8,871.0999999999999,2.875,1742.2,5.9,1,High-Value Champions,Electronics,2,2,2,6,Hibernating
CUST-0358,78,6,656.95,3.1666666666666665,1313.9,12.8,1,High-Value Champions,Beauty,1,1,1,3,Hibernating
CUST-0359,30,11,1086.2,3.090909090909091,2172.4,2.9,3,At Risk / Churning,Home & Kitchen,3,4,3,10,Loyal
CUST-0360,12,14,2459.4700000000003,3.0,4918.94,0.9,0,Steady Mid-Value,Home & Kitchen,4,5,5,14,Champions
CUST-0361,23,11,1815.94,2.727272727272727,3631.88,2.2,0,Steady Mid-Value,Fashion,3,4,5,12,Loyal
CUST-0362,41,6,635.69,2.3333333333333335,1271.38,6.7,1,High-Value Champions,Fashion,2,1,1,4,Hibernating
CUST-0363,29,9,885.56,2.0,1771.12,3.3,3,At Risk / Churning,Fashion,3,3,2,8,Average
CUST-0364,25,14,1532.03,3.2857142857142856,3064.06,1.9,0,Steady Mid-Value,Fashion,3,5,4,12,Loyal
CUST-0365,10,16,1978.45,3.0625,3956.9,0.7,0,Steady Mid-Value,Books,5,5,5,15,Champions
CUST-0366,57,9,979.81,3.0,1959.62,6.6,3,At Risk / Churning,Electronics,1,3,3,7,Average
CUST-0367,11,7,1400.81,2.2857142857142856,2801.62,1.6,3,At Risk / Churning,Fashion,4,2,4,10,Loyal
CUST-0368,72,3,720.5600000000001,3.3333333333333335,1441.12,20.7,1,High-Value Champions,Beauty,1,1,2,4,Hibernating
CUST-0369,23,15,1938.74,3.2,3877.48,1.7,0,Steady Mid-Value,Beauty,3,5,5,13,Champions
CUST-0370,14,7,592.69,3.4285714285714284,1185.38,2.0,1,High-Value Champions,Electronics,4,2,1,7,Average
CUST-0371,11,14,1472.96,3.0714285714285716,2945.92,0.8,0,Steady Mid-Value,Books,4,5,4,13,Champions
CUST-0372,26,6,580.76,2.8333333333333335,1161.52,4.3,1,High-Value Champions,Books,3,1,1,5,Hibernating
CUST-0373,28,9,940.89,3.5555555555555554,1881.78,3.2,3,At Risk / Churning,Books,3,3,2,8,Average
CUST-0374,81,12,1444.25,3.5,2888.5,7.2,3,At Risk / Churning,Electronics,1,4,4,9,Average
CUST-0375,8,11,2843.41,2.6363636363636362,5686.82,0.8,0,Steady Mid-Value,Fashion,5,4,5,14,Champions
CUST-0376,16,15,2739.21,2.8666666666666667,5478.42,1.1,0,Steady Mid-Value,Books,4,5,5,14,Champions
CUST-0377,132,8,1156.66,3.125,2313.32,16.9,2,New / Low Spend,Fashion,1,2,3,6,Hibernating
CUST-0378,42,7,756.47,4.142857142857143,1512.94,6.0,1,High-Value Champions,Beauty,2,2,2,6,Hibernating
CUST-0379,42,13,1405.79,2.4615384615384617,2811.58,3.4,3,At Risk / Churning,Electronics,2,5,4,11,Loyal
CUST-0380,21,15,1753.3899999999999,2.8666666666666667,3506.78,1.5,0,Steady Mid-Value,Electronics,4,5,5,14,Champions
CUST-0381,19,11,1423.5,2.909090909090909,2847.0,1.8,3,At Risk / Churning,Books,4,4,4,12,Loyal
CUST-0382,47,9,1272.01,3.111111111111111,2544.02,5.4,3,At Risk / Churning,Electronics,2,3,4,9,Average
CUST-0383,50,6,550.79,2.8333333333333335,1101.58,8.2,1,High-Value Champions,Home & Kitchen,2,1,1,4,Hibernating
CUST-0384,48,10,1025.5,3.5,2051.0,5.0,3,At Risk / Churning,Beauty,2,3,3,8,Average
CUST-0385,36,10,1559.32,3.0,3118.64,3.8,3,At Risk / Churning,Electronics,2,3,4,9,Average
CUST-0386,27,12,1276.6799999999998,3.25,2553.36,2.4,3,At Risk / Churning,Home & Kitchen,3,4,4,11,Loyal
CUST-0387,9,13,1231.0,3.3076923076923075,2462.0,0.7,3,At Risk / Churning,Fashion,5,5,4,14,Champions
CUST-0388,12,10,1066.27,2.7,2132.54,1.3,3,At Risk / Churning,Home & Kitchen,4,3,3,10,Loyal
CUST-0389,62,5,876.0500000000001,3.2,1752.1,11.9,1,High-Value Champions,Beauty,1,1,2,4,Hibernating
CUST-0390,46,8,930.95,3.125,1861.9,5.9,1,High-Value Champions,Home & Kitchen,2,2,2,6,Hibernating
CUST-0391,7,11,1457.18,3.272727272727273,2914.36,0.7,3,At Risk / Churning,Fashion,5,4,4,13,Champions
CUST-0392,51,8,796.84,3.375,1593.68,6.5,1,High-Value Champions,Beauty,2,2,2,6,Hibernating
CUST-0393,31,13,1626.25,2.769230769230769,3252.5,2.5,0,Steady Mid-Value,Books,3,5,5,13,Champions
CUST-0394,82,9,1486.67,2.888888888888889,2973.34,9.4,3,At Risk / Churning,Fashion,1,3,4,8,Average
CUST-0395,10,11,687.65,3.5454545454545454,1375.3,1.0,3,At Risk / Churning,Books,5,4,2,11,Loyal
CUST-0396,51,8,691.88,2.25,1383.76,6.5,1,High-Value Champions,Beauty,2,2,2,6,Hibernating
CUST-0397,56,14,950.1,3.7857142857142856,1900.2,4.3,3,At Risk / Churning,Electronics,1,5,3,9,Average
CUST-0398,7,9,934.5300000000001,2.4444444444444446,1869.06,0.8,3,At Risk / Churning,Electronics,5,3,2,10,Loyal
CUST-0399,9,13,1262.94,3.4615384615384617,2525.88,0.7,3,At Risk / Churning,Books,5,5,4,14,Champions
CUST-0400,6,12,1177.58,3.0833333333333335,2355.16,0.5,3,At Risk / Churning,Home & Kitchen,5,4,3,12,Loyal
CUST-0401,72,14,1265.26,2.5,2530.52,5.5,3,At Risk / Churning,Home & Kitchen,1,5,4,10,Loyal
CUST-0402,108,9,925.95,2.7777777777777777,1851.9,12.4,2,New / Low Spend,Books,1,3,2,6,Hibernating
CUST-0403,26,12,931.68,3.0,1863.36,2.3,3,At Risk / Churning,Beauty,3,4,2,9,Average
CUST-0404,31,9,1363.96,2.7777777777777777,2727.92,3.6,3,At Risk / Churning,Home & Kitchen,3,3,4,10,Loyal
CUST-0405,85,13,1464.6,3.3076923076923075,2929.2,7.0,3,At Risk / Churning,Electronics,1,5,4,10,Loyal
CUST-0406,100,10,1199.56,2.1,2399.12,10.4,2,New / Low Spend,Electronics,1,3,3,7,Average
CUST-0407,23,14,1428.58,3.357142857142857,2857.16,1.8,0,Steady Mid-Value,Electronics,3,5,4,12,Loyal
CUST-0408,41,11,1413.35,3.0,2826.7,3.9,3,At Risk / Churning,Electronics,2,4,4,10,Loyal
CUST-0409,33,11,918.7900000000001,3.4545454545454546,1837.58,3.2,3,At Risk / Churning,Electronics,3,4,2,9,Average
CUST-0410,40,8,1344.47,2.875,2688.94,5.1,3,At Risk / Churning,Books,2,2,4,8,Average
CUST-0411,9,9,960.97,3.111111111111111,1921.94,1.0,3,At Risk / Churning,Beauty,5,3,3,11,Loyal
CUST-0412,68,5,487.78,3.2,975.56,13.0,1,High-Value Champions,Fashion,1,1,1,3,Hibernating
CUST-0413,62,5,195.59,3.4,391.18,11.9,1,High-Value Champions,Home & Kitchen,1,1,1,3,Hibernating
CUST-0414,40,11,1504.45,2.8181818181818183,3008.9,3.8,3,At Risk / Churning,Books,2,4,4,10,Loyal
CUST-0415,29,8,813.05,3.25,1626.1,3.7,1,High-Value Champions,Beauty,3,2,2,7,Average
CUST-0416,43,9,537.89,3.6666666666666665,1075.78,4.9,1,High-Value Champions,Fashion,2,3,1,6,Hibernating
CUST-0417,36,16,969.77,3.25,1939.54,2.4,3,At Risk / Churning,Fashion,2,5,3,10,Loyal
CUST-0418,53,11,1241.95,2.727272727272727,2483.9,5.1,3,At Risk / Churning,Beauty,2,4,4,10,Loyal
CUST-0419,19,10,1328.23,3.1,2656.46,2.0,3,At Risk / Churning,Fashion,4,3,4,11,Loyal
CUST-0420,17,14,1391.96,2.7857142857142856,2783.92,1.3,0,Steady Mid-Value,Electronics,4,5,4,13,Champions
CUST-0421,101,6,1045.77,2.5,2091.54,16.6,2,New / Low Spend,Fashion,1,1,3,5,Hibernating
CUST-0422,2,14,1174.94,3.2857142857142856,2349.88,0.2,3,At Risk / Churning,Home & Kitchen,5,5,3,13,Champions
CUST-0423,47,8,760.59,3.0,1521.18,6.0,1,High-Value Champions,Fashion,2,2,2,6,Hibernating
CUST-0424,15,17,1752.24,2.7058823529411766,3504.48,1.0,0,Steady Mid-Value,Home & Kitchen,4,5,5,14,Champions
CUST-0425,13,13,1796.3899999999999,3.4615384615384617,3592.78,1.1,0,Steady Mid-Value,Books,4,5,5,14,Champions
CUST-0426,15,8,1090.5,3.25,2181.0,1.9,3,At Risk / Churning,Home & Kitchen,4,2,3,9,Average
CUST-0427,46,10,803.29,3.3,1606.58,4.8,3,At Risk / Churning,Fashion,2,3,2,7,Average
CUST-0428,26,10,996.78,2.9,1993.56,2.7,3,At Risk / Churning,Books,3,3,3,9,Average
CUST-0429,80,7,688.28,3.4285714285714284,1376.56,11.5,1,High-Value Champions,Electronics,1,2,2,5,Hibernating
CUST-0430,74,7,428.59000000000003,3.2857142857142856,857.18,10.6,1,High-Value Champions,Beauty,1,2,1,4,Hibernating
CUST-0431,8,12,2430.67,2.6666666666666665,4861.34,0.7,0,Steady Mid-Value,Beauty,5,4,5,14,Champions
CUST-0432,38,12,1628.62,2.6666666666666665,3257.24,3.4,0,Steady Mid-Value,Home & Kitchen,2,4,5,11,Loyal
CUST-0433,17,4,483.8,2.5,967.6,3.9,1,High-Value Champions,Home & Kitchen,4,1,1,6,Hibernating
CUST-0434,97,8,880.1800000000001,3.25,1760.36,12.4,2,New / Low Spend,Electronics,1,2,2,5,Hibernating
CUST-0435,29,19,2052.9,3.0,4105.8,1.7,0,Steady Mid-Value,Fashion,3,5,5,13,Champions
CUST-0436,9,11,1147.73,2.4545454545454546,2295.46,0.9,3,At Risk / Churning,Electronics,5,4,3,12,Loyal
CUST-0437,157,9,826.59,3.3333333333333335,1653.18,18.0,2,New / Low Spend,Electronics,1,3,2,6,Hibernating
CUST-0438,36,6,594.63,2.3333333333333335,1189.26,5.9,1,High-Value Champions,Fashion,2,1,1,4,Hibernating
CUST-0439,41,6,269.89,2.5,539.78,6.7,1,High-Value Champions,Electronics,2,1,1,4,Hibernating
CUST-0440,25,11,867.4100000000001,2.727272727272727,1734.82,2.4,3,At Risk / Churning,Electronics,3,4,2,9,Average
CUST-0441,12,12,1346.09,2.6666666666666665,2692.18,1.1,3,At Risk / Churning,Fashion,4,4,4,12,Loyal
CUST-0442,64,9,1279.08,2.4444444444444446,2558.16,7.4,3,At Risk / Churning,Home & Kitchen,1,3,4,8,Average
CUST-0443,11,14,1949.96,3.5714285714285716,3899.92,0.8,0,Steady Mid-Value,Beauty,4,5,5,14,Champions
CUST-0444,20,12,1094.51,3.5833333333333335,2189.02,1.8,3,At Risk / Churning,Fashion,4,4,3,11,Loyal
CUST-0445,6,14,2345.21,3.5,4690.42,0.5,0,Steady Mid-Value,Electronics,5,5,5,15,Champions
CUST-0446,5,15,1479.55,2.6,2959.1,0.4,0,Steady Mid-Value,Fashion,5,5,4,14,Champions
CUST-0447,26,10,1278.92,2.5,2557.84,2.7,3,At Risk / Churning,Home & Kitchen,3,3,4,10,Loyal
CUST-0448,91,6,905.71,3.0,1811.42,14.9,2,New / Low Spend,Beauty,1,1,2,4,Hibernating
CUST-0449,46,8,1027.07,3.25,2054.14,5.9,1,High-Value Champions,Fashion,2,2,3,7,Average
CUST-0450,71,17,1647.4099999999999,3.176470588235294,3294.82,4.5,0,Steady Mid-Value,Beauty,1,5,5,11,Loyal
CUST-0451,67,8,536.6700000000001,2.625,1073.34,8.6,1,High-Value Champions,Fashion,1,2,1,4,Hibernating
CUST-0452,102,6,535.88,1.8333333333333333,1071.76,16.7,2,New / Low Spend,Beauty,1,1,1,3,Hibernating
CUST-0453,84,7,812.72,3.0,1625.44,12.1,2,New / Low Spend,Books,1,2,2,5,Hibernating
CUST-0454,42,12,1388.56,2.9166666666666665,2777.12,3.7,3,At Risk / Churning,Home & Kitchen,2,4,4,10,Loyal
CUST-0455,67,11,554.29,3.4545454545454546,1108.58,6.4,3,At Risk / Churning,Books,1,4,1,6,Hibernating
CUST-0456,131,11,1191.01,2.727272727272727,2382.02,12.5,2,New / Low Spend,Electronics,1,4,3,8,Average
CUST-0457,25,9,717.61,3.2222222222222223,1435.22,2.9,1,High-Value Champions,Fashion,3,3,2,8,Average
CUST-0458,25,6,707.13,2.1666666666666665,1414.26,4.1,1,High-Value Champions,Books,3,1,2,6,Hibernating
CUST-0459,18,15,1597.18,3.2666666666666666,3194.36,1.3,0,Steady Mid-Value,Fashion,4,5,5,14,Champions
CUST-0460,11,10,954.1500000000001,2.4,1908.3,1.1,3,At Risk / Churning,Fashion,4,3,3,10,Loyal
CUST-0461,12,13,1892.02,2.923076923076923,3784.04,1.0,0,Steady Mid-Value,Beauty,4,5,5,14,Champions
CUST-0462,10,11,1784.4,3.272727272727273,3568.8,1.0,0,Steady Mid-Value,Books,5,4,5,14,Champions
CUST-0463,11,11,1120.3,2.909090909090909,2240.6,1.1,3,At Risk / Churning,Electronics,4,4,3,11,Loyal
CUST-0464,28,6,737.9699999999999,3.1666666666666665,1475.94,4.6,1,High-Value Champions,Fashion,3,1,2,6,Hibernating
CUST-0465,52,8,1117.19,2.875,2234.38,6.6,1,High-Value Champions,Fashion,2,2,3,7,Average
CUST-0466,30,12,1493.6599999999999,2.5,2987.32,2.7,3,At Risk / Churning,Home & Kitchen,3,4,4,11,Loyal
CUST-0467,12,8,1114.82,3.125,2229.64,1.5,3,At Risk / Churning,Beauty,4,2,3,9,Average
CUST-0468,70,8,536.47,3.125,1072.94,8.9,1,High-Value Champions,Electronics,1,2,1,4,Hibernating
CUST-0469,20,10,358.36,2.5,716.72,2.1,1,High-Value Champions,Beauty,4,3,1,8,Average
CUST-0470,1,7,1096.34,2.5714285714285716,2192.68,0.1,1,High-Value Champions,Books,5,2,3,10,Loyal
CUST-0471,58,12,949.1800000000001,2.8333333333333335,1898.36,5.1,3,At Risk / Churning,Fashion,1,4,2,7,Average
CUST-0472,46,10,1048.06,3.7,2096.12,4.8,3,At Risk / Churning,Electronics,2,3,3,8,Average
CUST-0473,54,11,1193.5,2.5454545454545454,2387.0,5.2,3,At Risk / Churning,Electronics,1,4,3,8,Average
CUST-0474,47,12,1923.79,2.8333333333333335,3847.58,4.2,0,Steady Mid-Value,Fashion,2,4,5,11,Loyal
CUST-0475,51,10,885.6700000000001,2.8,1771.34,5.3,3,At Risk / Churning,Home & Kitchen,2,3,2,7,Average
CUST-0476,2,19,2854.24,2.8947368421052633,5708.48,0.1,0,Steady Mid-Value,Electronics,5,5,5,15,Champions
CUST-0477,17,13,1002.05,2.769230769230769,2004.1,1.4,3,At Risk / Churning,Beauty,4,5,3,12,Loyal
CUST-0478,30,11,1351.82,3.4545454545454546,2703.64,2.9,3,At Risk / Churning,Home & Kitchen,3,4,4,11,Loyal
CUST-0479,43,4,235.41,2.0,470.82,9.9,1,High-Value Champions,Fashion,2,1,1,4,Hibernating
CUST-0480,19,5,502.44,3.6,1004.88,3.6,1,High-Value Champions,Beauty,4,1,1,6,Hibernating
CUST-0481,39,10,1022.04,3.3,2044.08,4.1,3,At Risk / Churning,Beauty,2,3,3,8,Average
CUST-0482,1,11,1109.71,1.8181818181818181,2219.42,0.1,3,At Risk / Churning,Fashion,5,4,3,12,Loyal
CUST-0483,52,12,1812.05,3.0,3624.1,4.6,0,Steady Mid-Value,Books,2,4,5,11,Loyal
CUST-0484,15,6,712.5799999999999,3.1666666666666665,1425.16,2.5,1,High-Value Champions,Fashion,4,1,2,7,Average
CUST-0485,58,16,2290.23,2.375,4580.46,3.9,0,Steady Mid-Value,Fashion,1,5,5,11,Loyal
CUST-0486,43,9,938.8,3.2222222222222223,1877.6,4.9,3,At Risk / Churning,Beauty,2,3,2,7,Average
CUST-0487,119,6,349.84,3.3333333333333335,699.68,19.5,2,New / Low Spend,Books,1,1,1,3,Hibernating
CUST-0488,30,6,244.05,2.8333333333333335,488.1,4.9,1,High-Value Champions,Electronics,3,1,1,5,Hibernating
CUST-0489,53,8,881.22,3.625,1762.44,6.8,1,High-Value Champions,Fashion,2,2,2,6,Hibernating
CUST-0490,15,9,1284.27,3.0,2568.54,1.7,3,At Risk / Churning,Home & Kitchen,4,3,4,11,Loyal
CUST-0491,50,8,827.3299999999999,3.125,1654.66,6.4,1,High-Value Champions,Electronics,2,2,2,6,Hibernating
CUST-0492,3,9,1315.74,3.2222222222222223,2631.48,0.3,3,At Risk / Churning,Electronics,5,3,4,12,Loyal
CUST-0493,23,11,1161.29,2.6363636363636362,2322.58,2.2,3,At Risk / Churning,Beauty,3,4,3,10,Loyal
CUST-0494,5,12,1176.85,2.3333333333333335,2353.7,0.4,3,At Risk / Churning,Fashion,5,4,3,12,Loyal
CUST-0495,55,8,739.03,3.0,1478.06,7.0,1,High-Value Champions,Books,1,2,2,5,Hibernating
CUST-0496,29,8,947.97,2.375,1895.94,3.7,1,High-Value Champions,Home & Kitchen,3,2,2,7,Average
CUST-0497,6,16,2111.58,2.8125,4223.16,0.4,0,Steady Mid-Value,Beauty,5,5,5,15,Champions
CUST-0498,15,9,1769.52,3.5555555555555554,3539.04,1.7,3,At Risk / Churning,Books,4,3,5,12,Loyal
CUST-0499,4,9,1595.32,2.7777777777777777,3190.64,0.5,3,At Risk / Churning,Fashion,5,3,5,13,Champions
CUST-0500,1,18,2399.84,2.888888888888889,4799.68,0.1,0,Steady Mid-Value,Fashion,5,5,5,15,Champions
